Memory_Usage_MiB,Execution_Time_s
981.28515625,16.879066705703735
